{
    "properties": {},
    "description": "Create POS V4",
    "processes": {
        "readfile1": {
            "component": "com.sap.storage.read",
            "metadata": {
                "label": "Read File",
                "x": 17,
                "y": 72,
                "height": 80,
                "width": 120,
                "config": {
                    "service": "S3",
                    "awsConnection": {
                        "connectionProperties": {
                            "accessKey": "AWSAccessKeyId",
                            "awsProxy": "",
                            "endpoint": "",
                            "protocol": "HTTPS",
                            "region": "eu-central-1",
                            "rootPath": "",
                            "secretKey": ""
                        },
                        "configurationType": "Configuration Manager",
                        "connectionID": "S3_RETAIL"
                    },
                    "chunkSize": "0",
                    "pollPeriodInMs": "10000000",
                    "path": "/order_headers.csv"
                }
            }
        },
        "101multiplexer1": {
            "component": "com.sap.system.multiplexer.10-1",
            "metadata": {
                "label": "10:1 Multiplexer",
                "x": 1302.999994277954,
                "y": 137,
                "height": 190,
                "width": 120,
                "extensible": true,
                "config": {}
            }
        },
        "terminal1": {
            "component": "com.sap.util.terminal",
            "metadata": {
                "label": "Terminal",
                "x": 1487.9999933242798,
                "y": 132,
                "height": 80,
                "width": 120,
                "ui": "dynpath",
                "config": {}
            }
        },
        "tocsvdataframe1": {
            "component": "toCSVDataFrame",
            "metadata": {
                "label": "to CSV DataFrame",
                "x": 1053.9999952316284,
                "y": 98,
                "height": 80,
                "width": 120,
                "extensible": true,
                "config": {
                    "write_index": true
                }
            }
        },
        "fromcsvdataframe1": {
            "component": "toDataframe",
            "metadata": {
                "label": "from CSV Dataframe",
                "x": 201.99999904632568,
                "y": 12,
                "height": 80,
                "width": 120,
                "extensible": true,
                "config": {
                    "limit_rows": 10000,
                    "use_columns": "order_id, num_products, total_basket, w_day, hour,location_id, Year,Month, Week",
                    "index_cols": "order_id",
                    "downcast_int": true,
                    "downcast_float": true
                }
            }
        },
        "writefile1": {
            "component": "com.sap.storage.write",
            "metadata": {
                "label": "Write File",
                "x": 1302.999994277954,
                "y": 17,
                "height": 80,
                "width": 120,
                "config": {
                    "mode": "create",
                    "service": "S3",
                    "path": "/pos.csv",
                    "awsConnection": {
                        "connectionProperties": {
                            "accessKey": "AWSAccessKeyId",
                            "awsProxy": "",
                            "endpoint": "",
                            "protocol": "HTTPS",
                            "region": "eu-central-1",
                            "rootPath": "",
                            "secretKey": ""
                        },
                        "configurationType": "Configuration Manager",
                        "connectionID": "S3_RETAIL"
                    }
                }
            }
        },
        "readfile2": {
            "component": "com.sap.storage.read",
            "metadata": {
                "label": "order_details.csv",
                "x": 17,
                "y": 192,
                "height": 80,
                "width": 120,
                "config": {
                    "service": "S3",
                    "awsConnection": {
                        "connectionProperties": {
                            "accessKey": "AWSAccessKeyId",
                            "awsProxy": "",
                            "endpoint": "",
                            "protocol": "HTTPS",
                            "region": "eu-central-1",
                            "rootPath": "",
                            "secretKey": ""
                        },
                        "configurationType": "Configuration Manager",
                        "connectionID": "S3_RETAIL"
                    },
                    "pollPeriodInMs": "10000000",
                    "path": "/order_details.csv"
                }
            }
        },
        "readfile3": {
            "component": "com.sap.storage.read",
            "metadata": {
                "label": "products_md.csv",
                "x": 201.99999904632568,
                "y": 132,
                "height": 80,
                "width": 120,
                "config": {
                    "service": "S3",
                    "awsConnection": {
                        "connectionProperties": {
                            "accessKey": "AWSAccessKeyId",
                            "awsProxy": "",
                            "endpoint": "",
                            "protocol": "HTTPS",
                            "region": "eu-central-1",
                            "rootPath": "",
                            "secretKey": ""
                        },
                        "configurationType": "Configuration Manager",
                        "connectionID": "S3_RETAIL"
                    },
                    "path": "/products_md.csv",
                    "pollPeriodInMs": "1000000"
                }
            }
        },
        "fromcsvdataframe2": {
            "component": "toDataframe",
            "metadata": {
                "label": "from CSV Dataframe",
                "x": 201.99999904632568,
                "y": 252,
                "height": 80,
                "width": 120,
                "extensible": true,
                "config": {
                    "index_cols": "order_id, product_id",
                    "use_columns": "order_id, product_id",
                    "downcast_int": true,
                    "downcast_float": true,
                    "limit_rows": 10000
                }
            }
        },
        "fromcsvdataframe3": {
            "component": "toDataframe",
            "metadata": {
                "label": "from CSV Dataframe",
                "x": 418.99999809265137,
                "y": 94.99999976158142,
                "height": 80,
                "width": 120,
                "extensible": true,
                "config": {
                    "use_columns": "product_id, category_id",
                    "index_cols": "product_id",
                    "downcast_int": true
                }
            }
        },
        "joindataframes1": {
            "component": "merge_DataFrames",
            "metadata": {
                "label": "join DataFrames",
                "x": 418.99999809265137,
                "y": 214.99999976158142,
                "height": 80,
                "width": 120,
                "extensible": true,
                "config": {
                    "left_on": "order_id",
                    "right_on": "order_id",
                    "new_indices": "order_id, product_id"
                }
            }
        },
        "joindataframes2": {
            "component": "merge_DataFrames",
            "metadata": {
                "label": "join DataFrames",
                "x": 619.999997138977,
                "y": 149,
                "height": 80,
                "width": 120,
                "extensible": true,
                "config": {
                    "left_on": "product_id",
                    "right_on": "product_id"
                }
            }
        },
        "selectdataframe1": {
            "component": "selectDataFrame",
            "metadata": {
                "label": "Select DataFrame",
                "x": 820.9999961853027,
                "y": 140.5,
                "height": 80,
                "width": 120,
                "extensible": true,
                "config": {
                    "selection_num": "Year = 2016, Month = 5"
                }
            }
        },
        "graphterminator1": {
            "component": "com.sap.util.graphTerminator",
            "metadata": {
                "label": "Graph Terminator",
                "x": 1514,
                "y": 12,
                "height": 80,
                "width": 120,
                "config": {}
            }
        }
    },
    "groups": [],
    "connections": [
        {
            "metadata": {
                "points": "1426.999994277954,232 1454.999993801117,232 1454.999993801117,172 1482.9999933242798,172"
            },
            "src": {
                "port": "out1",
                "process": "101multiplexer1"
            },
            "tgt": {
                "port": "in1",
                "process": "terminal1"
            }
        },
        {
            "metadata": {
                "points": "141,121 168.99999952316284,121 168.99999952316284,52 196.99999904632568,52"
            },
            "src": {
                "port": "outFile",
                "process": "readfile1"
            },
            "tgt": {
                "port": "csv",
                "process": "fromcsvdataframe1"
            }
        },
        {
            "metadata": {
                "points": "325.9999990463257,43 353.9999985694885,43 353.9999985694885,49.00000023841858 586.9999976158142,49.00000023841858 586.9999976158142,86.00000047683716 771.9999966621399,86.00000047683716 771.9999966621399,77.50000047683716 972.9999957084656,77.50000047683716 972.9999957084656,69.00000047683716 1237.9999947547913,69.00000047683716 1237.9999947547913,151 1297.999994277954,151"
            },
            "src": {
                "port": "Info",
                "process": "fromcsvdataframe1"
            },
            "tgt": {
                "port": "in1",
                "process": "101multiplexer1"
            }
        },
        {
            "metadata": {
                "points": "1177.9999952316284,129 1205.9999947547913,129 1205.9999947547913,169 1297.999994277954,169"
            },
            "src": {
                "port": "Info",
                "process": "tocsvdataframe1"
            },
            "tgt": {
                "port": "in2",
                "process": "101multiplexer1"
            }
        },
        {
            "metadata": {
                "points": "1177.9999952316284,147 1221.9999947547913,147 1221.9999947547913,57 1297.999994277954,57"
            },
            "src": {
                "port": "csv",
                "process": "tocsvdataframe1"
            },
            "tgt": {
                "port": "inFile",
                "process": "writefile1"
            }
        },
        {
            "metadata": {
                "points": "141,241 168.99999952316284,241 168.99999952316284,292 196.99999904632568,292"
            },
            "src": {
                "port": "outFile",
                "process": "readfile2"
            },
            "tgt": {
                "port": "csv",
                "process": "fromcsvdataframe2"
            }
        },
        {
            "metadata": {
                "points": "325.9999990463257,283 353.9999985694885,283 353.9999985694885,66.00000023841858 570.9999976158142,66.00000023841858 570.9999976158142,103.00000047683716 771.9999966621399,103.00000047683716 771.9999966621399,94.50000047683716 1020.9999957084656,94.50000047683716 1020.9999957084656,205.99999952316284 1205.9999947547913,205.99999952316284 1205.9999947547913,187 1297.999994277954,187"
            },
            "src": {
                "port": "Info",
                "process": "fromcsvdataframe2"
            },
            "tgt": {
                "port": "in3",
                "process": "101multiplexer1"
            }
        },
        {
            "metadata": {
                "points": "325.9999990463257,181 369.9999985694885,181 369.9999985694885,134.99999976158142 413.99999809265137,134.99999976158142"
            },
            "src": {
                "port": "outFile",
                "process": "readfile3"
            },
            "tgt": {
                "port": "csv",
                "process": "fromcsvdataframe3"
            }
        },
        {
            "metadata": {
                "points": "542.9999980926514,125.99999976158142 570.9999976158142,125.99999976158142 570.9999976158142,120.00000047683716 771.9999966621399,120.00000047683716 771.9999966621399,111.50000047683716 988.9999957084656,111.50000047683716 988.9999957084656,222.99999952316284 1221.9999947547913,222.99999952316284 1221.9999947547913,205 1297.999994277954,205"
            },
            "src": {
                "port": "Info",
                "process": "fromcsvdataframe3"
            },
            "tgt": {
                "port": "in4",
                "process": "101multiplexer1"
            }
        },
        {
            "metadata": {
                "points": "325.9999990463257,61 385.9999985694885,61 385.9999985694885,245.99999976158142 413.99999809265137,245.99999976158142"
            },
            "src": {
                "port": "DataFrameMsg",
                "process": "fromcsvdataframe1"
            },
            "tgt": {
                "port": "leftDFMsg",
                "process": "joindataframes1"
            }
        },
        {
            "metadata": {
                "points": "325.9999990463257,301 369.9999985694885,301 369.9999985694885,263.9999997615814 413.99999809265137,263.9999997615814"
            },
            "src": {
                "port": "DataFrameMsg",
                "process": "fromcsvdataframe2"
            },
            "tgt": {
                "port": "rightDFMsg",
                "process": "joindataframes1"
            }
        },
        {
            "metadata": {
                "points": "542.9999980926514,263.9999997615814 570.9999976158142,263.9999997615814 570.9999976158142,256.99999952316284 771.9999966621399,256.99999952316284 771.9999966621399,248.49999952316284 988.9999957084656,248.49999952316284 988.9999957084656,239.99999952316284 1237.9999947547913,239.99999952316284 1237.9999947547913,223 1297.999994277954,223"
            },
            "src": {
                "port": "Attributes",
                "process": "joindataframes1"
            },
            "tgt": {
                "port": "in5",
                "process": "101multiplexer1"
            }
        },
        {
            "metadata": {
                "points": "542.9999980926514,245.99999976158142 570.9999976158142,245.99999976158142 570.9999976158142,198 614.999997138977,198"
            },
            "src": {
                "port": "DataFrameMsg",
                "process": "joindataframes1"
            },
            "tgt": {
                "port": "rightDFMsg",
                "process": "joindataframes2"
            }
        },
        {
            "metadata": {
                "points": "542.9999980926514,143.99999976158142 570.9999976158142,143.99999976158142 570.9999976158142,180 614.999997138977,180"
            },
            "src": {
                "port": "DataFrameMsg",
                "process": "fromcsvdataframe3"
            },
            "tgt": {
                "port": "leftDFMsg",
                "process": "joindataframes2"
            }
        },
        {
            "metadata": {
                "points": "743.999997138977,198 787.9999966621399,198 787.9999966621399,265.49999952316284 988.9999957084656,265.49999952316284 988.9999957084656,256.99999952316284 1253.9999947547913,256.99999952316284 1253.9999947547913,241 1297.999994277954,241"
            },
            "src": {
                "port": "Attributes",
                "process": "joindataframes2"
            },
            "tgt": {
                "port": "in6",
                "process": "101multiplexer1"
            }
        },
        {
            "metadata": {
                "points": "743.999997138977,180 771.9999966621399,180 771.9999966621399,180.5 815.9999961853027,180.5"
            },
            "src": {
                "port": "DataFrameMsg",
                "process": "joindataframes2"
            },
            "tgt": {
                "port": "inDataFrameMsg",
                "process": "selectdataframe1"
            }
        },
        {
            "metadata": {
                "points": "944.9999961853027,189.5 972.9999957084656,189.5 972.9999957084656,273.99999952316284 1269.9999947547913,273.99999952316284 1269.9999947547913,259 1297.999994277954,259"
            },
            "src": {
                "port": "Attributes",
                "process": "selectdataframe1"
            },
            "tgt": {
                "port": "in7",
                "process": "101multiplexer1"
            }
        },
        {
            "metadata": {
                "points": "944.9999961853027,171.5 1004.9999957084656,171.5 1004.9999957084656,138 1048.9999952316284,138"
            },
            "src": {
                "port": "outDataFrameMsg",
                "process": "selectdataframe1"
            },
            "tgt": {
                "port": "DataFrameMsg",
                "process": "tocsvdataframe1"
            }
        },
        {
            "metadata": {
                "points": "1426.999994277954,57 1468,57 1468,52 1509,52"
            },
            "src": {
                "port": "outFilename",
                "process": "writefile1"
            },
            "tgt": {
                "port": "stop",
                "process": "graphterminator1"
            }
        }
    ],
    "inports": {},
    "outports": {}
}