{
	"properties": {},
	"description": "S4 BuPa to S3",
	"processes": {
		"odataqueryconsumer1": {
			"component": "com.sap.dh.sdi.odata.query.consumer",
			"metadata": {
				"label": "Get BusinessPartners via OData",
				"x": 17,
				"y": 12,
				"height": 80,
				"width": 120,
				"extensible": false,
				"config": {
					"odataConnection": {
						"configurationType": "Configuration Manager",
						"connectionID": "APPINT_S4_BUPA"
					},
					"fetchSize": 5000,
					"batchQueryMode": "true",
					"native_sql_statement": "A_BusinessPartner?$select=BusinessPartner,Customer,Supplier,AcademicTitle,AuthorizationGroup,BusinessPartnerCategory,BusinessPartnerFullName,BusinessPartnerGrouping,BusinessPartnerName,BusinessPartnerUUID,CorrespondenceLanguage,CreatedByUser,CreationDate,CreationTime,FirstName,FormOfAddress,Industry,InternationalLocationNumber1,InternationalLocationNumber2,IsFemale,IsMale,IsNaturalPerson,IsSexUnknown,Language,LastChangeDate,LastChangeTime,LastChangedByUser,LastName,LegalForm,OrganizationBPName1,OrganizationBPName2,OrganizationBPName3,OrganizationBPName4,OrganizationFoundationDate,OrganizationLiquidationDate,SearchTerm1,AdditionalLastName,BirthDate,BusinessPartnerIsBlocked,BusinessPartnerType,ETag,GroupBusinessPartnerName1,GroupBusinessPartnerName2,IndependentAddressID,InternationalLocationNumber3,MiddleName,NameCountry,NameFormat,PersonFullName,PersonNumber,IsMarkedForArchiving,BusinessPartnerIDByExtSystem,TradingPartner"
				}
			}
		},
		"flowagentfileproducer1": {
			"component": "com.sap.dh.ds.storage.producer",
			"metadata": {
				"label": "Write Data to S3 Parquet File",
				"x": 201.99999904632568,
				"y": 12,
				"height": 80,
				"width": 120,
				"extensible": false,
				"config": {
					"batchSize": 5000,
					"service": "s3",
					"s3Connection": {
						"configurationType": "Configuration Manager",
						"connectionID": "APPINT_S3"
					},
					"s3TargetObjectName": "/sdl/landing_zone/appInt/s4/BusinessPartners.parquet",
					"format": "PARQUET"
				}
			}
		},
		"graphterminator1": {
			"component": "com.sap.util.graphTerminator",
			"metadata": {
				"label": "Graph Terminator",
				"x": 370.9999990463257,
				"y": 12,
				"height": 80,
				"width": 120,
				"config": {}
			}
		}
	},
	"groups": [],
	"connections": [
		{
			"metadata": {
				"points": "141,43 168.99999952316284,43 168.99999952316284,52 196.99999904632568,52"
			},
			"src": {
				"port": "outConfig",
				"process": "odataqueryconsumer1"
			},
			"tgt": {
				"port": "inConfig",
				"process": "flowagentfileproducer1"
			}
		},
		{
			"metadata": {
				"points": "325.9999990463257,52 365.9999990463257,52"
			},
			"src": {
				"port": "outMessage",
				"process": "flowagentfileproducer1"
			},
			"tgt": {
				"port": "stop",
				"process": "graphterminator1"
			}
		}
	],
	"inports": {},
	"outports": {}
}