{"description":"join DataFrames","component":"com.sap.system.python3Operator","inports":[{"name":"leftDFMsg","type":"message.DataFrame"},{"name":"rightDFMsg","type":"message.DataFrame"}],"outports":[{"name":"Info","type":"string"},{"name":"outDataFrameMsg","type":"message.DataFrame"}],"icon":"circle","iconsrc":"DI Pandas.svg","config":{"$type":"http://sap.com/vflow/merge_DataFrames.configSchema.json","drop_columns":"","how":"inner","keep_indices":false,"new_indices":"","on_index":false,"script":"file://joinDataFrames.py"},"tags":{"pandas":""}}